LithologyCode,LithNumber,OldIDNumber,,LAT,NS,LONG,EW,Continent,Country,,GeogComments,LMU,Period,Stage,AgeComments,Lithology,Formation,LithComments,PrimaryReference,SeeAlso
E,1,E6382,,30,N,-5,W,Africa,,,,Upper,Paleogene,Oligocene,,Evaporites,,,,
E,2,E6383,,33,N,-5,W,Africa,,,,Upper,Paleogene,Oligocene,,,,,,
E,3,E6384,,-21,S,35,E,Africa,,,,Upper,Paleogene,Oligocene,,,,,,
E,4,E6385,,8,N,50,E,Africa,,,,Upper,Paleogene,Oligocene,,,,,,
E,5,E6386,,10.5,N,45,E,Africa,,,,Upper,Paleogene,Oligocene,,,,,,
E,6,E6387,,-22,S,35,E,Africa,,,,Upper,Paleogene,Oligocene,,,,,,
E,7,E6388,,41,N,80,E,Asia,,,,Upper,Paleogene,Oligocene,,,,,,
E,8,E6389,,37.5,N,89,E,Asia,,,,Upper,Paleogene,Oligocene,,,,,,
E,9,E6390,,43,N,89,E,Asia,,,,Upper,Paleogene,Oligocene,,,,,,
E,10,E6391,,43,N,88,E,Asia,,,,Upper,Paleogene,Oligocene,,,,,,
E,11,E6392,,36.5,N,102,E,Asia,,,,Upper,Paleogene,Oligocene,,,,,,
E,12,E6393,,39,N,82.5,E,Asia,,,,Upper,Paleogene,Oligocene,,,,,,
E,13,E6394,,37,N,117,E,Asia,,,,Upper,Paleogene,Oligocene,,,,,,
E,14,E6395,,32,N,112,E,Asia,,,,Upper,Paleogene,Oligocene,,,,,,
E,15,E6396,,41.5,N,112,E,Asia,,,,Upper,Paleogene,Oligocene,,,,,,
E,16,E6397,,39,N,106,E,Asia,,,,Upper,Paleogene,Oligocene,,,,,,
E,17,E6398,,40,N,107,E,Asia,,,,Upper,Paleogene,Oligocene,,,,,,
E,18,E6399,,35.5,N,115,E,Asia,,,,Upper,Paleogene,Oligocene,,,,,,
E,19,E6400,,38.5,N,117,E,Asia,,,,Upper,Paleogene,Oligocene,,,,,,
E,20,E6401,,39,N,117.5,E,Asia,,,,Upper,Paleogene,Oligocene,,,,,,
E,21,E6402,,36,N,117,E,Asia,,,,Upper,Paleogene,Oligocene,,,,,,
E,22,E6403,,35,N,116.5,E,Asia,,,,Upper,Paleogene,Oligocene,,,,,,
E,23,E6404,,37,N,106,E,Asia,,,,Upper,Paleogene,Oligocene,,,,,,
E,24,E6405,,30.4,N,112.8,E,Asia,,,,Upper,Paleogene,Oligocene,,,,,,
E,25,E6405.1,,36.6,N,101.8,E,Asia,,,,Upper,Paleogene,Oligocene,,,,,,
E,26,E6405.2,,36.3,N,102.8,E,Asia,,,,Upper,Paleogene,Oligocene,,,,,,
E,27,E6406,,32.5,N,113.5,E,Asia,,,,Upper,Paleogene,Oligocene,,,,,,
E,28,E6407,,24,N,107,E,Asia,,,,Upper,Paleogene,Oligocene,,,,,,
E,29,E6407.1,,31.7,N,119.5,E,Asia,,,,Upper,Paleogene,Oligocene,,,,,,
E,30,E6408,,40,N,65,E,Asia,,,,Upper,Paleogene,Oligocene,,,,,,
E,31,E6409,,36,N,66,E,Asia,,,,Upper,Paleogene,Oligocene,,,,,,
E,32,E6410,,37,N,53,E,Asia,,,,Upper,Paleogene,Oligocene,,,,,,
E,33,E6410.1,,33.5,N,51.5,E,Asia,,,,Upper,Paleogene,Oligocene,,,,,,
E,34,E6410.2,,31.5,N,49.5,E,Asia,,,,Upper,Paleogene,Oligocene,,,,,,
E,35,E6411,,34,N,55,E,Asia,,,,Upper,Paleogene,Oligocene,,,,,,
E,36,E6411.1,,31,N,50,E,Asa,,,,Upper,Paleogene,Oligocene,,,,,,
E,37,E6412,,39,N,26,E,Asia,,,,Upper,Paleogene,Oligocene,,,,,,
E,38,E6413,,37,N,34,E,Asia,,,,Upper,Paleogene,Oligocene,,,,,,
E,39,E6414,,39,N,44,E,Asia,,,,Upper,Paleogene,Oligocene,,,,,,
E,40,E6415,,40,N,37,E,Asia,,,,Upper,Paleogene,Oligocene,,,,,,
E,41,E6415.1,,38,N,43,E,Asia,,,,Upper,Paleogene,Oligocene,,,,,,
E,42,E6416,,39,N,29,E,Asia,,,,Upper,Paleogene,Oligocene,,,,,,
E,43,E6417,,-22,S,152,E,Australia,,,,Upper,Paleogene,Oligocene,,,,,,
E,44,E6418,,44.5,N,40,E,Europe,,,,Upper,Paleogene,Oligocene,,,,,,
E,45,E6419,,48,N,7,E,Europe,,,,Upper,Paleogene,Oligocene,,,,,,
E,46,E6420,,44,N,6,E,Europe,,,,Upper,Paleogene,Oligocene,,,,,,
E,47,E6421,,46,N,3,E,Europe,,,,Upper,Paleogene,Oligocene,,,,,,
E,48,E6422,,46,N,5,E,Europe,,,,Upper,Paleogene,Oligocene,,,,,,
E,49,E6423,,45,N,5,E,Europe,,,,Upper,Paleogene,Oligocene,,,,,,
E,50,E6424,,45,N,5,E,Europe,,,,Upper,Paleogene,Oligocene,,,,,,
E,51,E6425,,43,N,3,E,Europe,,,,Upper,Paleogene,Oligocene,,,,,,
E,52,E6426,,48,N,8,E,Europe,,,,Upper,Paleogene,Oligocene,,,,,,
E,53,E6427,,49,N,8,E,Europe,,,,Upper,Paleogene,Oligocene,,,,,,
E,54,E6427.1,,52.5,N,14,E,Europe,,,,Upper,Paleogene,Oligocene,,,,,,
E,55,E6428,,42,N,-2,W,Europe,,,,Upper,Paleogene,Oligocene,,,,,,
E,56,E6429,,41,N,0,,Europe,,,,Upper,Paleogene,Oligocene,,,,,,
E,57,E6430,,46,N,7,E,Europe,,,,Upper,Paleogene,Oligocene,,,,,,
E,58,E6431,,22,N,-79,W,North America,,,,Upper,Paleogene,Oligocene,,,,,,
E,59,E6432,,34,N,-114,W,North America,,,,Upper,Paleogene,Oligocene,,,,,,
E,60,E6433,,32,N,-110,W,North America,,,,Upper,Paleogene,Oligocene,,,,,,
E,61,E6434,,44,N,-103,W,North America,,,,Upper,Paleogene,Oligocene,,,,,,
E,62,E6435,,39.5,N,-112,W,North America,,,,Upper,Paleogene,Oligocene,,,,,,
E,63,E6436,,42,N,-106,W,North America,,,,Upper,Paleogene,Oligocene,,,,,,
E,64,E6436.1,,-39,S,-59,W,South America,,,,Upper,Paleogene,Oligocene,,,,,,
E,65,E6437,,-23,S,-69,W,South America,,,,Upper,Paleogene,Oligocene,,,,,,
E,66,E6438,,-22,S,-68,W,South America,,,,Upper,Paleogene,Oligocene,,,,,,
E,67,E6439,,-1,S,-77,W,South America,,,,Upper,Paleogene,Oligocene,,,,,,
E,68,E6439.1,,10,N,-69,W,South America,,,,Upper,Paleogene,Oligocene,,Evaporites,,,,
CA,69,CA6382.1,,28,N,3,E,Africa,,,,Upper,Paleogene,Oligocene,,Calcretes,,,,
CA,70,CA6440,,10.5,N,45,E,Africa,,,,Upper,Paleogene,Oligocene,,,,,,
CA,71,CA6440.1,,46,N,64,E,Asia,,,,Upper,Paleogene,Oligocene,,,,,,
CA,72,CA6440.2,,47,N,82.5,E,Asia,,,,Upper,Paleogene,Oligocene,,,,,,
CA,73,CA6441,,44,N,6,E,Europe,,,,Upper,Paleogene,Oligocene,,,,,,
CA,74,CA6442,,49,N,2,E,Europe,,,,Upper,Paleogene,Oligocene,,,,,,
CA,75,CA6443,,47,N,-1,W,Europe,,,,Upper,Paleogene,Oligocene,,,,,,
CA,76,CA6444,,45.5,N,3.6,E,Europe,,,,Upper,Paleogene,Oligocene,,,,,,
CA,77,CA6445,,43.5,N,1.5,E,Europe,,,,Upper,Paleogene,Oligocene,,,,,,
CA,78,CA6445.1,,42,N,-5.5,W,Europe,,,,Upper,Paleogene,Oligocene,,,,,,
CA,79,CA6446,,43,N,-103,W,North America,,,,Upper,Paleogene,Oligocene,,,,,,
CA,80,CA6446.1,,45,N,-120,W,North America,,,,Upper,Paleogene,Oligocene,,,,,,
CA,81,CA6447,,43,N,-105,W,North America,,,,Upper,Paleogene,Oligocene,,,,,,
CA,82,CA6447.1,,-28,S,-59,W,South America,,,,Upper,Paleogene,Oligocene,,,,,,
CA,83,CA6448,,-26,S,-49,W,South America,,,,Upper,Paleogene,Oligocene,,,,,,
T,84,T6449,,-62,S,-58,W,Anarctica,,,,Upper,Paleogene,Oligocene,,Tillites,,,,
T,85,T6450,,-77,S,-179,W,Anarctica,,,,Upper,Paleogene,Oligocene,,,,,,
T,86,T6451,,-67,S,75,E,Anarctica,,,,Upper,Paleogene,Oligocene,,,,,,
T,87,T6451.1,,-78,S,164,E,Anarctica,,,,Upper,Paleogene,Oligocene,,,,,,
D,88,D6452,,37,N,158,W,Asia,,,,Upper,Paleogene,Oligocene,,Dropstones,,,,
G,89,G6452.1,,37,N,141,E,Asia,,,,Upper,Paleogene,Oligocene,,Glendonites,,,,
G,90,G6453,,51,N,142,E,Asia,,,,Upper,Paleogene,Oligocene,,,,,,
G,91,G6454,,38,N,-107,W,North America,,,,Upper,Paleogene,Oligocene,,,,,,
G,92,G6455,,48,N,-124,W,North America,,,,Upper,Paleogene,Oligocene,,,,,,
G,93,G6456,,47,N,-123,W,North America,,,,Upper,Paleogene,Oligocene,,,,,,
C,94,C6456.1,,12,N,37,E,Africa,,,,Upper,Paleogene,Oligocene,,Coals,,,,
C,95,C6458,,6,N,7,E,Africa,,,,Upper,Paleogene,Oligocene,,,,,,
C,96,C6459,,10,N,9,E,Africa,,,,Upper,Paleogene,Oligocene,,,,,,
C,97,C6460,,10.5,N,45,E,Africa,,,,Upper,Paleogene,Oligocene,,,,,,
C,98,C6461,,23,N,90,E,Asia,,,,Upper,Paleogene,Oligocene,,,,,,
C,99,C6462,,49,N,122,E,Asia,,,,Upper,Paleogene,Oligocene,,,,,,
C,100,C6462.1,,23,N,121,E,Asia,,,,Upper,Paleogene,Oligocene,,,,,,
C,101,C6463,,23,N,99,E,Asia,,,,Upper,Paleogene,Oligocene,,,,,,
C,102,C6464,,24,N,107,E,Asia,,,,Upper,Paleogene,Oligocene,,,,,,
C,103,C6465,,37,N,118,E,Asia,,,,Upper,Paleogene,Oligocene,,,,,,
C,104,C6466,,22.5,N,113.5,E,Asia,,,,Upper,Paleogene,Oligocene,,,,,,
C,105,C6467,,19,N,112,E,Asia,,,,Upper,Paleogene,Oligocene,,,,,,
C,106,C6467.1,,24.5,N,121,E,Asia,,,,Upper,Paleogene,Oligocene,,,,,,
C,107,C6467.2,,18,N,109,E,Asia,,,,Upper,Paleogene,Oligocene,,,,,,
C,108,C6468,,65,N,174,E,Asia,,,,Upper,Paleogene,Oligocene,,,,,,
C,109,C6469,,51,N,65.5,E,Asia,,,,Upper,Paleogene,Oligocene,,,,,,
C,110,C6470,,52,N,128,E,Asia,,,,Upper,Paleogene,Oligocene,,,,,,
C,111,C6471,,64,N,169,E,Asia,,,,Upper,Paleogene,Oligocene,,,,,,
C,112,C6472,,64,N,180,E,Asia,,,,Upper,Paleogene,Oligocene,,,,,,
C,113,C6473,,65,N,178,E,Asia,,,,Upper,Paleogene,Oligocene,,,,,,
C,114,C6474,,51,N,142,E,Asia,,,,Upper,Paleogene,Oligocene,,,,,,
C,115,C6474.1,,43,N,133,E,Asia,,,,Upper,Paleogene,Oligocene,,,,,,
C,116,C6474.2,,49,N,60,E,Asia,,,,Upper,Paleogene,Oligocene,,,,,,
C,117,C6474.3,,48,N,84,E,Asia,,,,Upper,Paleogene,Oligocene,,,,,,
C,118,C6474.4,,60,N,60,E,Asia,,,,Upper,Paleogene,Oligocene,,,,,,
C,119,C6474.5,,60,N,86,E,Asia,,,,Upper,Paleogene,Oligocene,,,,,,
C,120,C6474.6,,47,N,138,E,Asia,,,,Upper,Paleogene,Oligocene,,,,,,
C,121,C6474.7,,52,N,130,E,Asia,,,,Upper,Paleogene,Oligocene,,,,,,
C,122,C6475,,26,N,92,E,Asia,,,,Upper,Paleogene,Oligocene,,,,,,
C,123,C6476,,28,N,96,E,Asia,,,,Upper,Paleogene,Oligocene,,,,,,
C,124,C6475.1,,27.3,N,95.5,E,Asia,,,,Upper,Paleogene,Oligocene,,,,,,
C,125,C6480,,27,N,95.5,E,Asia,,,,Upper,Paleogene,Oligocene,,,,,,
C,126,C6477,,22,N,72,E,Asia,,,,Upper,Paleogene,Oligocene,,,,,,
C,127,C6478,,10,N,77,E,Asia,,,,Upper,Paleogene,Oligocene,,,,,,
C,128,C6479,,27,N,94,E,Asia,,,,Upper,Paleogene,Oligocene,,,,,,
C,129,C6480.1,,25.5,N,97.5,E,Asia,,,,Upper,Paleogene,Oligocene,,,,,,
C,130,C6480.2,,22,N,88,E,Asia,,,,Upper,Paleogene,Oligocene,,,,,,
C,131,C6480.3,,27,N,96,E,Asia,,,,Upper,Paleogene,Oligocene,,,,,,
C,132,C6482,,-5.5,S,108.5,E,Asia,,,,Upper,Paleogene,Oligocene,,,,,,
C,133,C6483,,-6.5,S,107.5,E,Asia,,,,Upper,Paleogene,Oligocene,,,,,,
C,134,C6481,,3,N,97.5,E,Asia,,,,Upper,Paleogene,Oligocene,,,,,,
C,135,C6484,,-2.5,S,104,E,Asia,,,,Upper,Paleogene,Oligocene,,,,,,
C,136,C6484.3,,3,N,99,E,Asia,,,,Upper,Paleogene,Oligocene,,,,,,
C,137,C6505.3,,3,N,101.2,E,Asia,,,,Upper,Paleogene,Oligocene,,,,,,
C,138,C6505.4,,5,N,100,E,Asia,,,,Upper,Paleogene,Oligocene,,,,,,
C,139,C6485,,32,N,131,E,Asia,,,,Upper,Paleogene,Oligocene,,,,,,
C,140,C6486,,33,N,133,E,Asia,,,,Upper,Paleogene,Oligocene,,,,,,
C,141,C6487,,43,N,143,E,Asia,,,,Upper,Paleogene,Oligocene,,,,,,
C,142,C6488,,40,N,142,E,Asia,,,,Upper,Paleogene,Oligocene,,,,,,
C,143,C6489,,40,N,142,E,Asia,,,,Upper,Paleogene,Oligocene,,,,,,
C,144,C6490,,37,N,141,E,Asia,,,,Upper,Paleogene,Oligocene,,,,,,
C,145,C6491,,43,N,142,E,Asia,,,,Upper,Paleogene,Oligocene,,,,,,
C,146,C6492,,43,N,144,E,Asia,,,,Upper,Paleogene,Oligocene,,,,,,
C,147,C6493,,43.5,N,142,E,Asia,,,,Upper,Paleogene,Oligocene,,,,,,
C,148,C6494,,42.5,N,142,E,Asia,,,,Upper,Paleogene,Oligocene,,,,,,
C,149,C6495,,43,N,144,E,Asia,,,,Upper,Paleogene,Oligocene,,,,,,
C,150,C6496,,40,N,142,E,Asia,,,,Upper,Paleogene,Oligocene,,,,,,
C,151,C6497,,33,N,129.5,E,Asia,,,,Upper,Paleogene,Oligocene,,,,,,
C,152,C6498,,37,N,141,E,Asia,,,,Upper,Paleogene,Oligocene,,,,,,
C,153,C6499,,33.5,N,129.5,E,Asia,,,,Upper,Paleogene,Oligocene,,,,,,
C,154,C6500,,34,N,130.5,E,Asia,,,,Upper,Paleogene,Oligocene,,,,,,
C,155,C6501,,34,N,130.5,E,Asia,,,,Upper,Paleogene,Oligocene,,,,,,
C,156,C6502,,33.75,N,130.25,E,Asia,,,,Upper,Paleogene,Oligocene,,,,,,
C,157,C6503,,33.5,N,130.75,E,Asia,,,,Upper,Paleogene,Oligocene,,,,,,
C,158,C6504,,41,N,129,E,Asia,,,,Upper,Paleogene,Oligocene,,,,,,
C,159,C6505,,42.5,N,130,E,Asia,,,,Upper,Paleogene,Oligocene,,,,,,
C,160,C6505.1,,41,N,128,E,Asia,,,,Upper,Paleogene,Oligocene,,,,,,
C,161,C6505.2,,3,N,113,E,Asia,,,,Upper,Paleogene,Oligocene,,,,,,
C,162,C6506,,24,N,95,E,Asia,,,,Upper,Paleogene,Oligocene,,,,,,
C,163,C6506.1,,10.5,N,123.9,E,Asia,,,,Upper,Paleogene,Oligocene,,,,,,
C,164,C6507,,17,N,100,E,Asia,,,,Upper,Paleogene,Oligocene,,,,,,
C,165,C6508,,9,N,102,E,Asia,,,,Upper,Paleogene,Oligocene,,,,,,
C,166,C6509,,18,N,99,E,Asia,,,,Upper,Paleogene,Oligocene,,,,,,
C,167,C6510,,11,N,101,E,Asia,,,,Upper,Paleogene,Oligocene,,,,,,
C,168,C6511,,41,N,28,E,Asia,,,,Upper,Paleogene,Oligocene,,,,,,
C,169,C6512,,41,N,29,E,Asia,,,,Upper,Paleogene,Oligocene,,,,,,
C,170,C6513,,39,N,34,E,Asia,,,,Upper,Paleogene,Oligocene,,,,,,
C,171,C6514,,39,N,36,E,Asia,,,,Upper,Paleogene,Oligocene,,,,,,
C,172,C6515,,40,N,41,E,Asia,,,,Upper,Paleogene,Oligocene,,,,,,
C,173,C6516,,10,N,106,E,Asia,,,,Upper,Paleogene,Oligocene,,,,,,
C,174,C6516.1,,9,N,109,E,Asia,,,,Upper,Paleogene,Oligocene,,,,,,
C,175,C6516.2,,21,N,108,E,Asia,,,,Upper,Paleogene,Oligocene,,,,,,
C,176,C6517,,-35,S,143,E,Australia,,,,Upper,Paleogene,Oligocene,,,,,,
C,177,C6518,,-22,S,155,E,Australia,,,,Upper,Paleogene,Oligocene,,,,,,
C,178,C6519,,-35,S,141,E,Australia,,,,Upper,Paleogene,Oligocene,,,,,,
C,179,C6520,,-41,S,148,E,Australia,,,,Upper,Paleogene,Oligocene,,,,,,
C,180,C6521,,-38,S,148,E,Australia,,,,Upper,Paleogene,Oligocene,,,,,,
C,181,C6522,,47,N,10,E,Europe,,,,Upper,Paleogene,Oligocene,,,,,,
C,182,C6522.1,,47.3,N,13.3,E,Europe,,,,Upper,Paleogene,Oligocene,,,,,,
C,183,C6522.2,,47.5,N,13,E,Europe,,,,Upper,Paleogene,Oligocene,,,,,,
C,184,C6524,,51,N,-5,W,Europe,,,,Upper,Paleogene,Oligocene,,,,,,
C,185,C6526,,50.5,N,-3.5,W,Europe,,,,Upper,Paleogene,Oligocene,,,,,,
C,186,C6527,,51,N,-4,W,Europe,,,,Upper,Paleogene,Oligocene,,,,,,
C,187,C6528,,52,N,-3,W,Europe,,,,Upper,Paleogene,Oligocene,,,,,,
C,188,C6523,,55,N,-7,W,Europe,,,,Upper,Paleogene,Oligocene,,,,,,
C,189,C6523.1,,59.1,N,-5,W,Europe,,,,Upper,Paleogene,Oligocene,,,,,,
C,190,C6525,,60,N,-5,W,Europe,,,,Upper,Paleogene,Oligocene,,,,,,
C,191,C6525.1,,57.6,N,-6.8,W,Europe,,,,Upper,Paleogene,Oligocene,,,,,,
C,192,C6529,,43,N,25,E,Europe,,,,Upper,Paleogene,Oligocene,,,,,,
C,193,C6530,,42.5,N,27.5,E,Europe,,,,Upper,Paleogene,Oligocene,,,,,,
C,194,C6531,,42,N,43,E,Europe,,,,Upper,Paleogene,Oligocene,,,,,,
C,195,C6532,,53,N,56,E,Europe,,,,Upper,Paleogene,Oligocene,,,,,,
C,196,C6533,,42,N,43,E,Europe,,,,Upper,Paleogene,Oligocene,,,,,,
C,197,C6534,,49,N,39,E,Europe,,,,Upper,Paleogene,Oligocene,,,,,,
C,198,C6535,,52,N,24,E,Europe,,,,Upper,Paleogene,Oligocene,,,,,,
C,199,C6536,,52,N,28,E,Europe,,,,Upper,Paleogene,Oligocene,,,,,,
C,200,C6537,,42,N,43,E,Europe,,,,Upper,Paleogene,Oligocene,,,,,,
C,201,C6538,,55,N,55,E,Europe,,,,Upper,Paleogene,Oligocene,,,,,,
C,202,C6539,,53,N,56,E,Europe,,,,Upper,Paleogene,Oligocene,,,,,,
C,203,C6540,,41.5,N,33,E,Europe,,,,Upper,Paleogene,Oligocene,,,,,,
C,204,C6541,,52,N,29,E,Europe,,,,Upper,Paleogene,Oligocene,,,,,,
C,205,C6542,,50,N,13,E,Europe,,,,Upper,Paleogene,Oligocene,,,,,,
C,206,C6543,,47,N,5,E,Europe,,,,Upper,Paleogene,Oligocene,,,,,,
C,207,C6544,,49,N,8,E,Europe,,,,Upper,Paleogene,Oligocene,,,,,,
C,208,C6544.1,,43.8,N,5.5,E,Europe,,,,Upper,Paleogene,Oligocene,,,,,,
C,209,C6545,,48,N,11,E,Europe,,,,Upper,Paleogene,Oligocene,,,,,,
C,210,C6546,,51,N,7,E,Europe,,,,Upper,Paleogene,Oligocene,,,,,,
C,211,C6547,,48,N,11,E,Europe,,,,Upper,Paleogene,Oligocene,,,,,,
C,212,C6548,,51,N,10,E,Europe,,,,Upper,Paleogene,Oligocene,,,,,,
C,213,C6548,,48,N,11,E,Europe,,,,Upper,Paleogene,Oligocene,,,,,,
C,214,C6550,,51,N,13,E,Europe,,,,Upper,Paleogene,Oligocene,,,,,,
C,215,C6551,,51,N,9,E,Europe,,,,Upper,Paleogene,Oligocene,,,,,,
C,216,C6552,,49,N,8,E,Europe,,,,Upper,Paleogene,Oligocene,,,,,,
C,217,C6552.1,,50.7,N,7.3,E,Europe,,,,Upper,Paleogene,Oligocene,,,,,,
C,218,C6553,,40,N,21,E,Europe,,,,Upper,Paleogene,Oligocene,,,,,,
C,219,C6554,,41,N,24,E,Europe,,,,Upper,Paleogene,Oligocene,,,,,,
C,220,C6555,,47.5,N,19,E,Europe,,,,Upper,Paleogene,Oligocene,,,,,,
C,221,C6556,,44,N,8,E,Europe,,,,Upper,Paleogene,Oligocene,,,,,,
C,222,C6557,,53,N,6,E,Europe,,,,Upper,Paleogene,Oligocene,,,,,,
C,223,C6558,,51,N,6,E,Europe,,,,Upper,Paleogene,Oligocene,,,,,,
C,224,C6558.1,,57,N,7,E,Europe,,,,Upper,Paleogene,Oligocene,,,,,,
C,225,C6559,,61,N,3,E,Europe,,,,Upper,Paleogene,Oligocene,,,,,,
C,226,C6560,,52,N,19,E,Europe,,,,Upper,Paleogene,Oligocene,,,,,,
C,227,C6561,,52,N,16,E,Europe,,,,Upper,Paleogene,Oligocene,,,,,,
C,228,C6562,,53,N,14,E,Europe,,,,Upper,Paleogene,Oligocene,,,,,,
C,229,C6563,,46,N,24,E,Europe,,,,Upper,Paleogene,Oligocene,,,,,,
C,230,C6563.1,,45,N,23,E,Europe,,,,Upper,Paleogene,Oligocene,,,,,,
C,231,C6564,,47,N,23,E,Europe,,,,Upper,Paleogene,Oligocene,,,,,,
C,232,C6565,,41,N,0,,Europe,,,,Upper,Paleogene,Oligocene,,,,,,
C,233,C6566,,42,N,2,E,Europe,,,,Upper,Paleogene,Oligocene,,,,,,
C,234,C6567,,41,N,0,,Europe,,,,Upper,Paleogene,Oligocene,,,,,,
C,235,C6568,,39.8,N,3,E,Europe,,,,Upper,Paleogene,Oligocene,,,,,,
C,236,C6569,,77,N,20,E,Europe,,,,Upper,Paleogene,Oligocene,,,,,,
C,237,C6570,,47,N,8,E,Europe,,,,Upper,Paleogene,Oligocene,,,,,,
C,238,C6570.1,,46.5,N,6.5,E,Europe,,,,Upper,Paleogene,Oligocene,,,,,,
C,239,C6571,,42,N,22,E,Europe,,,,Upper,Paleogene,Oligocene,,,,,,
C,240,C6572,,46,N,15,E,Europe,,,,Upper,Paleogene,Oligocene,,,,,,
C,241,C6573,,45,N,20,E,Europe,,,,Upper,Paleogene,Oligocene,,,,,,
C,242,C6574,,44,N,22,E,Europe,,,,Upper,Paleogene,Oligocene,,,,,,
C,243,C6574.1,,46.1,N,15,E,Europe,,,,Upper,Paleogene,Oligocene,,,,,,
C,244,C6575,,-42,S,172,E,New Zealand,,,,Upper,Paleogene,Oligocene,,,,,,
C,245,C6576,,-46,S,169,E,New Zealand,,,,Upper,Paleogene,Oligocene,,,,,,
C,246,C6577,,-35,S,174,E,New Zealand,,,,Upper,Paleogene,Oligocene,,,,,,
C,247,C6578,,-38,S,175,E,New Zealand,,,,Upper,Paleogene,Oligocene,,,,,,
C,248,C6579,,-37,S,175,E,New Zealand,,,,Upper,Paleogene,Oligocene,,,,,,
C,249,C6580,,-46,S,168.5,E,New Zealand,,,,Upper,Paleogene,Oligocene,,,,,,
C,250,C6581,,80,N,-100,W,North America,,,,Upper,Paleogene,Oligocene,,,,,,
C,251,C6582,,49,N,-119,W,North America,,,,Upper,Paleogene,Oligocene,,,,,,
C,252,C6583,,53,N,-122,W,North America,,,,Upper,Paleogene,Oligocene,,,,,,
C,253,C6583.1,,53.5,N,-131,W,North America,,,,Upper,Paleogene,Oligocene,,,,,,
C,254,C6584,,61,N,-138,W,North America,,,,Upper,Paleogene,Oligocene,,,,,,
C,255,C6585,,19,N,-71,W,North America,,,,Upper,Paleogene,Oligocene,,,,,,
C,256,C6586,,17,N,-93,W,North America,,,,Upper,Paleogene,Oligocene,,,,,,
C,257,C6587,,64,N,-149,W,North America,,,,Upper,Paleogene,Oligocene,,,,,,
C,258,C6588,,62,N,-150,W,North America,,,,Upper,Paleogene,Oligocene,,,,,,
C,259,C6589,,64,N,-146,W,North America,,,,Upper,Paleogene,Oligocene,,,,,,
C,260,C6590,,61,N,-152,W,North America,,,,Upper,Paleogene,Oligocene,,,,,,
C,261,C6591,,63.5,N,-170,W,North America,,,,Upper,Paleogene,Oligocene,,,,,,
C,262,C6592,,61,N,-151,W,North America,,,,Upper,Paleogene,Oligocene,,,,,,
C,263,C6593,,60.5,N,-144,W,North America,,,,Upper,Paleogene,Oligocene,,,,,,
C,264,C6594,,62,N,-146,W,North America,,,,Upper,Paleogene,Oligocene,,,,,,
C,265,C6594.1,,58,N,-134.5,W,North America,,,,Upper,Paleogene,Oligocene,,,,,,
C,266,C6594.2,,60,N,-144,W,North America,,,,Upper,Paleogene,Oligocene,,,,,,
C,267,C6594.3,,57.5,N,-154,W,North America,,,,Upper,Paleogene,Oligocene,,,,,,
C,268,C6595,,32,N,-93,W,North America,,,,Upper,Paleogene,Oligocene,,,,,,
C,269,C6596,,42,N,-108,W,North America,,,,Upper,Paleogene,Oligocene,,,,,,
C,270,C6597,,49,N,-114,W,North America,,,,Upper,Paleogene,Oligocene,,,,,,
C,271,C6598,,44,N,-120,W,North America,,,,Upper,Paleogene,Oligocene,,,,,,
C,272,C6599,,18.25,N,-66,W,North America,,,,Upper,Paleogene,Oligocene,,,,,,
C,273,C6600,,47,N,-122,W,North America,,,,Upper,Paleogene,Oligocene,,,,,,
C,274,C6601,,-50,S,-72,W,South America,,,,Upper,Paleogene,Oligocene,,,,,,
C,275,C6601.1,,-41,S,-71,W,South America,,,,Upper,Paleogene,Oligocene,,,,,,
C,276,C6601.2,,-62.5,S,-72.5,W,South America,,,,Upper,Paleogene,Oligocene,,,,,,
C,277,C6602,,-41,S,-73,W,South America,,,,Upper,Paleogene,Oligocene,,,,,,
C,278,C6602.1,,-39.6,N,-73,W,South America,,,,Upper,Paleogene,Oligocene,,,,,,
C,279,C6603,,3,N,-77,W,South America,,,,Upper,Paleogene,Oligocene,,,,,,
C,280,C6604,,3,N,-70,W,South America,,,,Upper,Paleogene,Oligocene,,,,,,
C,281,C6605,,9,N,-73,W,South America,,,,Upper,Paleogene,Oligocene,,,,,,
C,282,C6606,,0,N,-80,W,South America,,,,Upper,Paleogene,Oligocene,,,,,,
C,283,C6607,,10,N,-65,W,South America,,,,Upper,Paleogene,Oligocene,,,,,,
C,284,C6608,,10,N,-66,W,South America,,,,Upper,Paleogene,Oligocene,,,,,,
B,285,B6609,,52,N,90,E,Asia,,,,Upper,Paleogene,Oligocene,,Bauxites,,,,
B,286,B6610,,50,N,75,E,Asia,,,,Upper,Paleogene,Oligocene,,,,,,
B,287,B6611,,40,N,142,E,Asia,,,,Upper,Paleogene,Oligocene,,,,,,
B,288,B6612,,-29.75,S,151,E,Australia,,,,Upper,Paleogene,Oligocene,,,,,,
B,289,B6613,,40,N,18,E,Europe,,,,Upper,Paleogene,Oligocene,,,,,,
B,290,B6614,,47,N,19,E,Europe,,,,Upper,Paleogene,Oligocene,,,,,,
B,291,B6615,,46,N,15,E,Europe,,,,Upper,Paleogene,Oligocene,,,,,,
B,292,B6616,,46,N,14,E,Europe,,,,Upper,Paleogene,Oligocene,,,,,,
B,293,B6617,,44,N,17,E,Europe,,,,Upper,Paleogene,Oligocene,,,,,,
B,294,B6617.4,,5,N,-53,W,South America,,,,Upper,Paleogene,Oligocene,,,,,,
M,295,M6617.1,,-14,S,136.5,E,Australia,,,,Upper,Paleogene,Oligocene,,Lateritic Manganese,,,,
M,296,M6617.2,,-25,S,120,E,Australia,,,,Upper,Paleogene,Oligocene,,,,,,
M,297,M6617.3,,-3,S,-50,W,South America,,,,Upper,Paleogene,Oligocene,,,,,,
K,298,K6617.1,,46,N,64,E,Asia,,,,Upper,Paleogene,Oligocene,,Kaolinites,,,,
K,299,K6617.2,,47,N,82.5,E,Asia,,,,Upper,Paleogene,Oligocene,,,,,,
K,300,K6618,,37,N,141,E,Asia,,,,Upper,Paleogene,Oligocene,,,,,,
K,301,K6619,,40,N,142,E,Asia,,,,Upper,Paleogene,Oligocene,,,,,,
K,302,K6620,,34,N,130.5,E,Asia,,,,Upper,Paleogene,Oligocene,,,,,,
K,303,K6620.1,,18,N,43,E,Asia,,,,Upper,Paleogene,Oligocene,,,,,,
K,304,K6621,,51,N,5,E,Europe,,,,Upper,Paleogene,Oligocene,,,,,,
K,305,K6622,,50,N,13,E,Europe,,,,Upper,Paleogene,Oligocene,,,,,,
K,306,K6622.1,,50,N,12.5,E,Europe,,,,Upper,Paleogene,Oligocene,,,,,,
K,307,K6623,,43,N,5,E,Europe,,,,Upper,Paleogene,Oligocene,,,,,,
K,308,K6624,,49,N,3,E,Europe,,,,Upper,Paleogene,Oligocene,,,,,,
K,309,K6625,,44,N,7,E,Europe,,,,Upper,Paleogene,Oligocene,,,,,,
K,310,K6625.1,,48,N,-1.6,W,Europe,,,,Upper,Paleogene,Oligocene,,,,,,
K,311,K6626,,51,N,13,E,Europe,,,,Upper,Paleogene,Oligocene,,,,,,
K,312,K6627,,50,N,8,E,Europe,,,,Upper,Paleogene,Oligocene,,,,,,
K,313,K6628,,51,N,15,E,Europe,,,,Upper,Paleogene,Oligocene,,,,,,
K,314,K6629,,51,N,9,E,Europe,,,,Upper,Paleogene,Oligocene,,,,,,
K,315,K6630,,49,N,8,E,Europe,,,,Upper,Paleogene,Oligocene,,,,,,
K,316,K6631,,50,N,8.6,E,Europe,,,,Upper,Paleogene,Oligocene,,,,,,
K,317,K6632,,47.5,N,19,E,Europe,,,,Upper,Paleogene,Oligocene,,,,,,
K,318,K6633,,47,N,23,E,Europe,,,,Upper,Paleogene,Oligocene,,,,,,
K,319,K6633.1,,47,N,23.8,E,Europe,,,,Upper,Paleogene,Oligocene,,,,,,
K,320,K6634,,49,N,19,E,Europe,,,,Upper,Paleogene,Oligocene,,,,,,
K,321,K6635,,51,N,-4,W,Europe,,,,Upper,Paleogene,Oligocene,,,,,,
K,322,K6636,,46,N,-113,W,North America,,,,Upper,Paleogene,Oligocene,,,,,,
K,323,K6637,,-50,S,-72,W,North America,,,,Upper,Paleogene,Oligocene,,,,,,
K,324,K6637.1,,-40,S,-72,W,North America,,,,Upper,Paleogene,Oligocene,,,,,,
K,325,K6638,,3.5,N,-76.5,W,North America,,,,Upper,Paleogene,Oligocene,,,,,,
L,326,L6639,,48,N,3.5,E,Europe,,,,Upper,Paleogene,Oligocene,,Lateritic Paleosols,,,,
L,327,L6640,,38,N,-12,W,North America,,,,Upper,Paleogene,Oligocene,,,,,,
M,328,M6640.1,,-6,S,-49,W,South America,,,,Upper,Paleogene,Oligocene,,Lateritic Manganese,,,,
PA,329,Pa6641,,33,N,131,E,Asia,,,,Upper,Paleogene,Oligocene,,,,,,
PA,330,Pa6642,,51,N,-1,W,Europe,,,,Upper,Paleogene,Oligocene,,,,,,
M,331,M6643,,-30.5,S,88,E,Ninetyeast Ridge,,,,Upper,Paleogene,Oligocene,,Mangroves,,,,
CR,332,Cr6643.1,,49,N,84,E,Asia,,,,Upper,Paleogene,Oligocene,,Crocodilians,,,,
CR,333,Cr6644,,47,N,103,E,Asia,,,,Upper,Paleogene,Oligocene,,,,,,
CR,334,Cr6645,,-38,S,146,E,Australia,,,,Upper,Paleogene,Oligocene,,,,,,
CR,335,Cr6646,,50,N,9,E,Europe,,,,Upper,Paleogene,Oligocene,,,,,,
CR,336,Cr6647,,44,N,-120,W,North America,,,,Upper,Paleogene,Oligocene,,,,,,
CR,337,Cr6648,,-35,S,-67,W,South America,,,,Upper,Paleogene,Oligocene,,,,,,
CR,338,Cr6649,,-41,S,-69,W,South America,,,,Upper,Paleogene,Oligocene,,,,,,